Workbook

Sheet Portfolio Summary
A1: GoKardinal B2B Self-Service Travel Booking MVP | B1: GoCardinal B2B Self-Service Travel Booking MVP | C1: GoCardinal B2B Self-Service Travel Booking MVP | D1: GoCardinal B2B Self-Service Travel Booking MVP | E1: GoCardinal B2B Self-Service Travel Booking MVP | F1: GoCardinal B2B Self-Service Travel Booking MVP | G1: GoCardinal B2B Self-Service Travel Booking MVP | H1: GoCardinal B2B Self-Service Travel Booking MVP
A2: GoCardinal B2B Self-Service Travel Booking MVP | B2: GoCardinal B2B Self-Service Travel Booking MVP | C2: GoCardinal B2B Self-Service Travel Booking MVP | D2: GoCardinal B2B Self-Service Travel Booking MVP | E2: GoCardinal B2B Self-Service Travel Booking MVP | F2: GoCardinal B2B Self-Service Travel Booking MVP | G2: GoCardinal B2B Self-Service Travel Booking MVP | H2: GoCardinal B2B Self-Service Travel Booking MVP
A3: Project period: Aug 2022–May 2023 | Role: Project Manager & Product Manager | B3: Project period: Aug 2022–May 2023 | Role: Project Manager & Product Manager | Illustrative portfolio metrics are clearly labeled | C3: Project period: Aug 2022–May 2023 | Role: Project Manager & Product Manager | Illustrative portfolio metrics are clearly labeled | D3: Project period: Aug 2022–May 2023 | Role: Project Manager & Product Manager | Illustrative portfolio metrics are clearly labeled | E3: Project period: Aug 2022–May 2023 | Role: Project Manager & Product Manager | Illustrative portfolio metrics are clearly labeled | F3: Project period: Aug 2022–May 2023 | Role: Project Manager & Product Manager | Illustrative portfolio metrics are clearly labeled | G3: Project period: Aug 2022–May 2023 | Role: Project Manager & Product Manager | Illustrative portfolio metrics are clearly labeled | H3: Project period: Aug 2022–May 2023 | Role: Project Manager & Product Manager | Illustrative portfolio metrics are clearly labeled
A5: Business context | B5: GoCardinal served corporate travel clients through a manual request-and-response booking process. | D5: PROJECT OBJECTIVES | E5: PROJECT OBJECTIVES | F5: PROJECT OBJECTIVES | G5: PROJECT OBJECTIVES | H5: PROJECT OBJECTIVES
A6: Problem | B6: Fares and itineraries could change while requests moved between customers and travel agents, increasing rework and slowing confirmation. | D6: 1. Validate that the delay and fare-change problem was worth solving
A7: Goal | B7: Launch an MVP that allowed authorized corporate travelers to search and book itineraries while monitoring credit limits and travel spend. | D7: 2. Reduce dependence on agent-mediated booking for routine trips
A8: Responsibilities | B8: User and market research, personas, use cases, requirements, backlog, wireframes, prototype, delivery planning, risk management, UAT and launch. | D8: 3. Give customers visibility into credit limits and travel spend
A9: MVP scope | B9: Secure login; flight search; self-service booking; approval workflow; credit-limit visibility; itinerary status; spend dashboard. | D9: 4. Protect corporate policies through approval and authorization controls
A10: Delivery model | B10: Hybrid Agile: discovery and stage gates followed by two-week development sprints, UAT, pilot and phased launch. | D10: 5. Launch a measurable MVP within the Aug 2022–May 2023 window
A11: Launch | B11: Phased production launch in May 2023 with pilot customers, onboarding, training and hypercare.
A12: Illustrative outcome | B12: 75% activation, 60% 90-day adoption, 68% self-service booking share and 82% shorter booking turnaround.

Sheet Project Timeline
A1: MVP Project Timeline & Delivery Schedule | B1: MVP Project Timeline & Delivery Schedule | C1: MVP Project Timeline & Delivery Schedule | D1: MVP Project Timeline & Delivery Schedule | E1: MVP Project Timeline & Delivery Schedule | F1: MVP Project Timeline & Delivery Schedule | G1: MVP Project Timeline & Delivery Schedule | H1: MVP Project Timeline & Delivery Schedule | I1: MVP Project Timeline & Delivery Schedule | J1: MVP Project Timeline & Delivery Schedule | K1: MVP Project Timeline & Delivery Schedule | L1: MVP Project Timeline & Delivery Schedule | M1: MVP Project Timeline & Delivery Schedule | N1: MVP Project Timeline & Delivery Schedule | O1: MVP Project Timeline & Delivery Schedule | P1: MVP Project Timeline & Delivery Schedule | Q1: MVP Project Timeline & Delivery Schedule
A2: MVP Project Timeline & Delivery Schedule | B2: MVP Project Timeline & Delivery Schedule | C2: MVP Project Timeline & Delivery Schedule | D2: MVP Project Timeline & Delivery Schedule | E2: MVP Project Timeline & Delivery Schedule | F2: MVP Project Timeline & Delivery Schedule | G2: MVP Project Timeline & Delivery Schedule | H2: MVP Project Timeline & Delivery Schedule | I2: MVP Project Timeline & Delivery Schedule | J2: MVP Project Timeline & Delivery Schedule | K2: MVP Project Timeline & Delivery Schedule | L2: MVP Project Timeline & Delivery Schedule | M2: MVP Project Timeline & Delivery Schedule | N2: MVP Project Timeline & Delivery Schedule | O2: MVP Project Timeline & Delivery Schedule | P2: MVP Project Timeline & Delivery Schedule | Q2: MVP Project Timeline & Delivery Schedule
A3: Blue bars show the planned execution window. Dates and status can be edited for portfolio customization. | B3: Blue bars show the planned execution window. Dates and status can be edited for portfolio customization. | C3: Blue bars show the planned execution window. Dates and status can be edited for portfolio customization. | D3: Blue bars show the planned execution window. Dates and status can be edited for portfolio customization. | E3: Blue bars show the planned execution window. Dates and status can be edited for portfolio customization. | F3: Blue bars show the planned execution window. Dates and status can be edited for portfolio customization. | G3: Blue bars show the planned execution window. Dates and status can be edited for portfolio customization. | H3: Blue bars show the planned execution window. Dates and status can be edited for portfolio customization. | I3: Blue bars show the planned execution window. Dates and status can be edited for portfolio customization. | J3: Blue bars show the planned execution window. Dates and status can be edited for portfolio customization. | K3: Blue bars show the planned execution window. Dates and status can be edited for portfolio customization. | L3: Blue bars show the planned execution window. Dates and status can be edited for portfolio customization. | M3: Blue bars show the planned execution window. Dates and status can be edited for portfolio customization. | N3: Blue bars show the planned execution window. Dates and status can be edited for portfolio customization. | O3: Blue bars show the planned execution window. Dates and status can be edited for portfolio customization. | P3: Blue bars show the planned execution window. Dates and status can be edited for portfolio customization. | Q3: Blue bars show the planned execution window. Dates and status can be edited for portfolio customization.
A4: Workstream | B4: Activity | C4: Start | D4: Finish | E4: Owner | F4: Deliverable | G4: Aug-22 | H4: Sep-22 | I4: Oct-22 | J4: Nov-22 | K4: Dec-22 | L4: Jan-23 | M4: Feb-23 | N4: Mar-23 | O4: Apr-23 | P4: May-23 | Q4: Status
A5: Initiation | B5: Project charter and stakeholder alignment | C5: 44774 | D5: 44792 | E5: PM/Product Manager | F5: Approved charter | G5: =IF(AND($C5<=G$20,$D5>=G$19),1,"") -> 1 | H5: =IF(AND($C5<=H$20,$D5>=H$19),1,"") | I5: =IF(AND($C5<=I$20,$D5>=I$19),1,"") | J5: =IF(AND($C5<=J$20,$D5>=J$19),1,"") | K5: =IF(AND($C5<=K$20,$D5>=K$19),1,"") | L5: =IF(AND($C5<=L$20,$D5>=L$19),1,"") | M5: =IF(AND($C5<=M$20,$D5>=M$19),1,"") | N5: =IF(AND($C5<=N$20,$D5>=N$19),1,"") | ... P5: =IF(AND($C5<=P$20,$D5>=P$19),1,"") | Q5: Complete
A6: Discovery | B6: User interviews and workflow analysis | C6: 44788 | D6: 44820 | E6: Product Manager | F6: Research synthesis | G6: =IF(AND($C6<=G$20,$D6>=G$19),1,"") -> 1 | H6: =IF(AND($C6<=H$20,$D6>=H$19),1,"") -> 1 | I6: =IF(AND($C6<=I$20,$D6>=I$19),1,"") | J6: =IF(AND($C6<=J$20,$D6>=J$19),1,"") | K6: =IF(AND($C6<=K$20,$D6>=K$19),1,"") | L6: =IF(AND($C6<=L$20,$D6>=L$19),1,"") | M6: =IF(AND($C6<=M$20,$D6>=M$19),1,"") | N6: =IF(AND($C6<=N$20,$D6>=N$19),1,"") | ... P6: =IF(AND($C6<=P$20,$D6>=P$19),1,"") | Q6: Complete
A7: Discovery | B7: Market and competitor research | C7: 44795 | D7: 44827 | E7: Product Manager | F7: Market-gap analysis | G7: =IF(AND($C7<=G$20,$D7>=G$19),1,"") -> 1 | H7: =IF(AND($C7<=H$20,$D7>=H$19),1,"") -> 1 | I7: =IF(AND($C7<=I$20,$D7>=I$19),1,"") | J7: =IF(AND($C7<=J$20,$D7>=J$19),1,"") | K7: =IF(AND($C7<=K$20,$D7>=K$19),1,"") | L7: =IF(AND($C7<=L$20,$D7>=L$19),1,"") | M7: =IF(AND($C7<=M$20,$D7>=M$19),1,"") | N7: =IF(AND($C7<=N$20,$D7>=N$19),1,"") | ... P7: =IF(AND($C7<=P$20,$D7>=P$19),1,"") | Q7: Complete
A8: Definition | B8: Personas, journeys and use cases | C8: 44816 | D8: 44848 | E8: Product Manager | F8: Personas and use cases | G8: =IF(AND($C8<=G$20,$D8>=G$19),1,"") | H8: =IF(AND($C8<=H$20,$D8>=H$19),1,"") -> 1 | I8: =IF(AND($C8<=I$20,$D8>=I$19),1,"") -> 1 | J8: =IF(AND($C8<=J$20,$D8>=J$19),1,"") | K8: =IF(AND($C8<=K$20,$D8>=K$19),1,"") | L8: =IF(AND($C8<=L$20,$D8>=L$19),1,"") | M8: =IF(AND($C8<=M$20,$D8>=M$19),1,"") | N8: =IF(AND($C8<=N$20,$D8>=N$19),1,"") | ... P8: =IF(AND($C8<=P$20,$D8>=P$19),1,"") | Q8: Complete
A9: Definition | B9: MVP requirements and prioritized backlog | C9: 44837 | D9: 44865 | E9: PM/Product Manager | F9: MVP scope baseline | G9: =IF(AND($C9<=G$20,$D9>=G$19),1,"") | H9: =IF(AND($C9<=H$20,$D9>=H$19),1,"") | I9: =IF(AND($C9<=I$20,$D9>=I$19),1,"") -> 1 | J9: =IF(AND($C9<=J$20,$D9>=J$19),1,"") | K9: =IF(AND($C9<=K$20,$D9>=K$19),1,"") | L9: =IF(AND($C9<=L$20,$D9>=L$19),1,"") | M9: =IF(AND($C9<=M$20,$D9>=M$19),1,"") | N9: =IF(AND($C9<=N$20,$D9>=N$19),1,"") | ... P9: =IF(AND($C9<=P$20,$D9>=P$19),1,"") | Q9: Complete
A10: Design | B10: Wireframes and clickable prototype | C10: 44851 | D10: 44890 | E10: UX/Product | F10: Validated prototype | G10: =IF(AND($C10<=G$20,$D10>=G$19),1,"") | H10: =IF(AND($C10<=H$20,$D10>=H$19),1,"") | I10: =IF(AND($C10<=I$20,$D10>=I$19),1,"") -> 1 | J10: =IF(AND($C10<=J$20,$D10>=J$19),1,"") -> 1 | K10: =IF(AND($C10<=K$20,$D10>=K$19),1,"") | L10: =IF(AND($C10<=L$20,$D10>=L$19),1,"") | M10: =IF(AND($C10<=M$20,$D10>=M$19),1,"") | N10: =IF(AND($C10<=N$20,$D10>=N$19),1,"") | ... P10: =IF(AND($C10<=P$20,$D10>=P$19),1,"") | Q10: Complete
A11: Planning | B11: Architecture, integrations and release plan | C11: 44879 | D11: 44911 | E11: Tech Lead/PM | F11: Technical plan | G11: =IF(AND($C11<=G$20,$D11>=G$19),1,"") | H11: =IF(AND($C11<=H$20,$D11>=H$19),1,"") | I11: =IF(AND($C11<=I$20,$D11>=I$19),1,"") | J11: =IF(AND($C11<=J$20,$D11>=J$19),1,"") -> 1 | K11: =IF(AND($C11<=K$20,$D11>=K$19),1,"") -> 1 | L11: =IF(AND($C11<=L$20,$D11>=L$19),1,"") | M11: =IF(AND($C11<=M$20,$D11>=M$19),1,"") | N11: =IF(AND($C11<=N$20,$D11>=N$19),1,"") | ... P11: =IF(AND($C11<=P$20,$D11>=P$19),1,"") | Q11: Complete
A12: Build | B12: Sprint 1: access, profile and flight search | C12: 44928 | D12: 44957 | E12: Engineering | F12: Search flow | G12: =IF(AND($C12<=G$20,$D12>=G$19),1,"") | H12: =IF(AND($C12<=H$20,$D12>=H$19),1,"") | I12: =IF(AND($C12<=I$20,$D12>=I$19),1,"") | J12: =IF(AND($C12<=J$20,$D12>=J$19),1,"") | K12: =IF(AND($C12<=K$20,$D12>=K$19),1,"") | L12: =IF(AND($C12<=L$20,$D12>=L$19),1,"") -> 1 | M12: =IF(AND($C12<=M$20,$D12>=M$19),1,"") | N12: =IF(AND($C12<=N$20,$D12>=N$19),1,"") | ... P12: =IF(AND($C12<=P$20,$D12>=P$19),1,"") | Q12: Complete
A13: Build | B13: Sprint 2: booking and approval workflow | C13: 44958 | D13: 44985 | E13: Engineering | F13: Booking flow | G13: =IF(AND($C13<=G$20,$D13>=G$19),1,"") | H13: =IF(AND($C13<=H$20,$D13>=H$19),1,"") | I13: =IF(AND($C13<=I$20,$D13>=I$19),1,"") | J13: =IF(AND($C13<=J$20,$D13>=J$19),1,"") | K13: =IF(AND($C13<=K$20,$D13>=K$19),1,"") | L13: =IF(AND($C13<=L$20,$D13>=L$19),1,"") | M13: =IF(AND($C13<=M$20,$D13>=M$19),1,"") -> 1 | N13: =IF(AND($C13<=N$20,$D13>=N$19),1,"") | ... P13: =IF(AND($C13<=P$20,$D13>=P$19),1,"") | Q13: Complete
A14: Build | B14: Sprint 3: credit and spend visibility | C14: 44977 | D14: 45002 | E14: Engineering | F14: Financial controls | G14: =IF(AND($C14<=G$20,$D14>=G$19),1,"") | H14: =IF(AND($C14<=H$20,$D14>=H$19),1,"") | I14: =IF(AND($C14<=I$20,$D14>=I$19),1,"") | J14: =IF(AND($C14<=J$20,$D14>=J$19),1,"") | K14: =IF(AND($C14<=K$20,$D14>=K$19),1,"") | L14: =IF(AND($C14<=L$20,$D14>=L$19),1,"") | M14: =IF(AND($C14<=M$20,$D14>=M$19),1,"") -> 1 | N14: =IF(AND($C14<=N$20,$D14>=N$19),1,"") -> 1 | ... P14: =IF(AND($C14<=P$20,$D14>=P$19),1,"") | Q14: Complete
A15: Test | B15: System test, security review and UAT | C15: 44991 | D15: 45023 | E15: QA/Business | F15: UAT sign-off | G15: =IF(AND($C15<=G$20,$D15>=G$19),1,"") | H15: =IF(AND($C15<=H$20,$D15>=H$19),1,"") | I15: =IF(AND($C15<=I$20,$D15>=I$19),1,"") | J15: =IF(AND($C15<=J$20,$D15>=J$19),1,"") | K15: =IF(AND($C15<=K$20,$D15>=K$19),1,"") | L15: =IF(AND($C15<=L$20,$D15>=L$19),1,"") | M15: =IF(AND($C15<=M$20,$D15>=M$19),1,"") | N15: =IF(AND($C15<=N$20,$D15>=N$19),1,"") -> 1 | ... P15: =IF(AND($C15<=P$20,$D15>=P$19),1,"") | Q15: Complete
A16: Launch | B16: Pilot, training and change management | C16: 45019 | D16: 45051 | E16: PM/Customer Success | F16: Pilot readiness | G16: =IF(AND($C16<=G$20,$D16>=G$19),1,"") | H16: =IF(AND($C16<=H$20,$D16>=H$19),1,"") | I16: =IF(AND($C16<=I$20,$D16>=I$19),1,"") | J16: =IF(AND($C16<=J$20,$D16>=J$19),1,"") | K16: =IF(AND($C16<=K$20,$D16>=K$19),1,"") | L16: =IF(AND($C16<=L$20,$D16>=L$19),1,"") | M16: =IF(AND($C16<=M$20,$D16>=M$19),1,"") | N16: =IF(AND($C16<=N$20,$D16>=N$19),1,"") | ... P16: =IF(AND($C16<=P$20,$D16>=P$19),1,"") -> 1 | Q16: Complete
A17: Launch | B17: Production rollout and hypercare | C17: 45054 | D17: 45077 | E17: PM/Engineering | F17: MVP live | G17: =IF(AND($C17<=G$20,$D17>=G$19),1,"") | H17: =IF(AND($C17<=H$20,$D17>=H$19),1,"") | I17: =IF(AND($C17<=I$20,$D17>=I$19),1,"") | J17: =IF(AND($C17<=J$20,$D17>=J$19),1,"") | K17: =IF(AND($C17<=K$20,$D17>=K$19),1,"") | L17: =IF(AND($C17<=L$20,$D17>=L$19),1,"") | M17: =IF(AND($C17<=M$20,$D17>=M$19),1,"") | N17: =IF(AND($C17<=N$20,$D17>=N$19),1,"") | ... P17: =IF(AND($C17<=P$20,$D17>=P$19),1,"") -> 1 | Q17: Complete
G19: 44774 | H19: 44805 | I19: 44835 | J19: 44866 | K19: 44896 | L19: 44927 | M19: 44958 | N19: 44986 | O19: 45017 | P19: 45047
G20: 44804 | H20: 44834 | I20: 44865 | J20: 44895 | K20: 44926 | L20: 44957 | M20: 44985 | N20: 45016 | O20: 45046 | P20: 45077

Sheet Product Backlog
A1: MVP Product Backlog | B1: MVP Product Backlog | C1: MVP Product Backlog | D1: MVP Product Backlog | E1: MVP Product Backlog | F1: MVP Product Backlog | G1: MVP Product Backlog | H1: MVP Product Backlog | I1: MVP Product Backlog | J1: MVP Product Backlog
A2: MVP Product Backlog | B2: MVP Product Backlog | C2: MVP Product Backlog | D2: MVP Product Backlog | E2: MVP Product Backlog | F2: MVP Product Backlog | G2: MVP Product Backlog | H2: MVP Product Backlog | I2: MVP Product Backlog | J2: MVP Product Backlog
A3: MoSCoW prioritization; first seven items define the MVP release. | B3: MoSCoW prioritization; first seven items define the MVP release. | C3: MoSCoW prioritization; first seven items define the MVP release. | D3: MoSCoW prioritization; first seven items define the MVP release. | E3: MoSCoW prioritization; first seven items define the MVP release. | F3: MoSCoW prioritization; first seven items define the MVP release. | G3: MoSCoW prioritization; first seven items define the MVP release. | H3: MoSCoW prioritization; first seven items define the MVP release. | I3: MoSCoW prioritization; first seven items define the MVP release. | J3: MoSCoW prioritization; first seven items define the MVP release.
A4: ID | B4: Epic | C4: User story / capability | D4: Priority | E4: Story points | F4: Release | G4: Status | H4: Acceptance criterion | I4: Owner | J4: Dependency
A5: GC-01 | B5: Access | C5: Corporate user can securely sign in and manage a profile | D5: Must | E5: 8 | F5: MVP | G5: Done | H5: Authorized users access only assigned company account | I5: Engineering | J5: Identity service
A6: GC-02 | B6: Search | C6: Traveler can search live flight availability and fares | D6: Must | E6: 13 | F6: MVP | G6: Results show route, time, fare and availability | H6: Engineering | I6: Flight-content API | J6: NIL
A7: GC-03 | B7: Booking | C7: Traveler can select and confirm an itinerary | D7: Must | E7: 13 | F7: MVP | G7: Confirmed booking generates reference and itinerary | H7: Engineering | I7: Search + payment | J7: NIL
A8: GC-04 | B8: Approvals | C8: Booking routes to an approver when policy requires | D8: Must | E8: 8 | F8: MVP | G8: Approval status and audit trail are visible | H8: Engineering | I8: Company policy | J8: NIL
A9: GC-05 | B9: Credit | C9: Authorized user can view available corporate credit | D9: Must | E9: 8 | F9: MVP | G9: Displayed balance matches approved finance record | H9: Engineering/Finance | I9: Finance integration | J9: NIL
A10: GC-06 | B10: Spend | C10: Company admin can view current travel spend | D10: Should | E10: 5 | F10: MVP | G10: Dashboard totals reconcile to confirmed bookings | H10: Data/Finance | I10: Booking data | J10: NIL
A11: GC-07 | B11: Itinerary | C11: Traveler can view booking and itinerary status | D11: Must | E11: 5 | F11: MVP | G11: Latest confirmed itinerary is accessible | H11: Engineering | I11: Booking engine | J11: NIL
A12: GC-08 | B12: Notifications | C12: Users receive booking and approval notifications | D12: Should | E12: 5 | F12: MVP | G12: Event triggers email/SMS notification | H12: Engineering | I12: Messaging service | J12: NIL
A13: GC-09 | B13: Reporting | C13: Admin can export spend by traveler and period | D13: Could | E13: 5 | F13: Phase 2 | G13: Planned | H13: CSV export matches dashboard filters | I13: Data | J13: Analytics
A14: GC-10 | B14: Policy | C14: Admin can configure detailed travel policy rules | D14: Should | E14: 13 | F14: Phase 2 | G14: Planned | H14: Rules block or route exceptions | I14: Engineering | J14: Admin module
A15: GC-11 | B15: Changes | C15: Traveler can request changes or cancellation online | D15: Could | E15: 13 | F15: Phase 2 | G15: Planned | H15: Request creates traceable service case | I15: Engineering | J15: Airline rules
A16: GC-12 | B16: Mobile | C16: Responsive mobile-first booking experience | D16: Could | E16: 8 | F16: Phase 2 | G16: Planned | H16: Core flows work on standard mobile viewport | I16: UX/Engineering | J16: Design system

Sheet RAID Log
A1: RAID Log — Risks, Assumptions, Issues & Dependencies | B1: RAID Log — Risks, Assumptions, Issues & Dependencies | C1: RAID Log — Risks, Assumptions, Issues & Dependencies | D1: RAID Log — Risks, Assumptions, Issues & Dependencies | E1: RAID Log — Risks, Assumptions, Issues & Dependencies | F1: RAID Log — Risks, Assumptions, Issues & Dependencies | G1: RAID Log — Risks, Assumptions, Issues & Dependencies | H1: RAID Log — Risks, Assumptions, Issues & Dependencies | I1: RAID Log — Risks, Assumptions, Issues & Dependencies | J1: RAID Log — Risks, Assumptions, Issues & Dependencies | K1: RAID Log — Risks, Assumptions, Issues & Dependencies | L1: RAID Log — Risks, Assumptions, Issues & Dependencies
A2: RAID Log — Risks, Assumptions, Issues & Dependencies | B2: RAID Log — Risks, Assumptions, Issues & Dependencies | C2: RAID Log — Risks, Assumptions, Issues & Dependencies | D2: RAID Log — Risks, Assumptions, Issues & Dependencies | E2: RAID Log — Risks, Assumptions, Issues & Dependencies | F2: RAID Log — Risks, Assumptions, Issues & Dependencies | G2: RAID Log — Risks, Assumptions, Issues & Dependencies | H2: RAID Log — Risks, Assumptions, Issues & Dependencies | I2: RAID Log — Risks, Assumptions, Issues & Dependencies | J2: RAID Log — Risks, Assumptions, Issues & Dependencies | K2: RAID Log — Risks, Assumptions, Issues & Dependencies | L2: RAID Log — Risks, Assumptions, Issues & Dependencies
A3: Risk score = Probability × Impact. Scores 15–25 are red; 8–14 amber; 1–7 green. | B3: Risk score = Probability × Impact. Scores 15–25 are red; 8–14 amber; 1–7 green. | C3: Risk score = Probability × Impact. Scores 15–25 are red; 8–14 amber; 1–7 green. | D3: Risk score = Probability × Impact. Scores 15–25 are red; 8–14 amber; 1–7 green. | E3: Risk score = Probability × Impact. Scores 15–25 are red; 8–14 amber; 1–7 green. | F3: Risk score = Probability × Impact. Scores 15–25 are red; 8–14 amber; 1–7 green. | G3: Risk score = Probability × Impact. Scores 15–25 are red; 8–14 amber; 1–7 green. | H3: Risk score = Probability × Impact. Scores 15–25 are red; 8–14 amber; 1–7 green. | I3: Risk score = Probability × Impact. Scores 15–25 are red; 8–14 amber; 1–7 green. | J3: Risk score = Probability × Impact. Scores 15–25 are red; 8–14 amber; 1–7 green. | K3: Risk score = Probability × Impact. Scores 15–25 are red; 8–14 amber; 1–7 green. | L3: Risk score = Probability × Impact. Scores 15–25 are red; 8–14 amber; 1–7 green.
A4: ID | B4: Type | C4: Description | D4: Probability (1–5) | E4: Impact (1–5) | F4: Score | G4: Rating | H4: Mitigation / response | I4: Owner | J4: Trigger | K4: Status | L4: Review date
A5: R-01 | B5: Risk | C5: Flight-content API latency or outage affects search | D5: 4 | E5: 5 | F5: =D5*E5 -> 20 | G5: =IF(F5>=15,"High",IF(F5>=8,"Medium","Low")) -> High | H5: Cache safe results; monitor API; agree escalation SLA | I5: Tech Lead | J5: Latency exceeds threshold | K5: Open | L5: 44941
A6: R-02 | B6: Risk | C6: Fare changes between search and ticket confirmation | D6: 4 | E6: 4 | F6: =D6*E6 -> 16 | G6: =IF(F6>=15,"High",IF(F6>=8,"Medium","Low")) -> High | H6: Display expiry; revalidate price before confirmation | I6: Product Manager | J6: Fare mismatch event | K6: Mitigated | L6: 44958
A7: R-03 | B7: Risk | C7: Credit balance does not reconcile with finance records | D7: 3 | E7: 5 | F7: =D7*E7 -> 15 | G7: =IF(F7>=15,"High",IF(F7>=8,"Medium","Low")) -> High | H7: Single source of truth; daily reconciliation; exception queue | I7: Finance Lead | J7: Variance detected | K7: Open | L7: 44972
A8: R-04 | B8: Risk | C8: Customers continue sending manual booking requests | D8: 4 | E8: 4 | F8: =D8*E8 -> 16 | G8: =IF(F8>=15,"High",IF(F8>=8,"Medium","Low")) -> High | H8: Pilot champions, onboarding, training and adoption dashboard | I8: Customer Success | J8: Self-service share below 40% | K8: Open | L8: 45031
A9: R-05 | B9: Risk | C9: MVP scope expands beyond launch window | D9: 4 | E9: 3 | F9: =D9*E9 -> 12 | G9: =IF(F9>=15,"High",IF(F9>=8,"Medium","Low")) -> Medium | H9: MoSCoW scope; change control; Phase 2 parking lot | I9: Project Manager | J9: New must-have request | K9: Mitigated | L9: 44895
A10: R-06 | B10: Risk | C10: Personal or payment data exposure | D10: 2 | E10: 5 | F10: =D10*E10 -> 10 | G10: =IF(F10>=15,"High",IF(F10>=8,"Medium","Low")) -> Medium | H10: Role-based access, encryption, security test and audit logs | I10: Security Lead | J10: Critical finding | K10: Open | L10: 44995
A11: A-01 | B11: Assumption | C11: Pilot customers will provide UAT participants | D11: 3 | E11: 3 | F11: =D11*E11 -> 9 | G11: =IF(F11>=15,"High",IF(F11>=8,"Medium","Low")) -> Medium | H11: Secure named testers and backup participants early | I11: Project Manager | J11: Tester gap | K11: Validated | L11: 44986
A12: D-01 | B12: Dependency | C12: Engineering delivery depends on approved API credentials | D12: 3 | E12: 4 | F12: =D12*E12 -> 12 | G12: =IF(F12>=15,"High",IF(F12>=8,"Medium","Low")) -> Medium | H12: Track credential request as launch-critical dependency | I12: Tech Lead | J12: Credential delay | K12: Closed | L12: 44910

Sheet RACI
A1: Delivery RACI | B1: Delivery RACI | C1: Delivery RACI | D1: Delivery RACI | E1: Delivery RACI | F1: Delivery RACI | G1: Delivery RACI
A2: Delivery RACI | B2: Delivery RACI | C2: Delivery RACI | D2: Delivery RACI | E2: Delivery RACI | F2: Delivery RACI | G2: Delivery RACI
A4: Activity | B4: PM / Product Manager | C4: Executive Sponsor | D4: Engineering Lead | E4: UX / Research | F4: Finance / Ops | G4: Customer Success
A5: Charter and business case | B5: R/A | C5: A | D5: C | E5: C | F5: C | G5: I
A6: User and market research | B6: R/A | C6: I | D6: C | E6: R | F6: C | G6: C
A7: Personas and use cases | B7: R/A | C7: I | D7: C | E7: R | F7: C | G7: C
A8: MVP scope and backlog | B8: R/A | C8: C | D8: C | E8: C | F8: C | G8: C
A9: Technical architecture | B9: C | C9: I | D9: R/A | E9: C | F9: C | G9: I
A10: Wireframes and prototype | B10: A | C10: I | D10: C | E10: R | F10: C | G10: C
A11: Sprint delivery | B11: A | C11: I | D11: R | E11: C | F11: C | G11: I
A12: UAT and launch readiness | B12: R/A | C12: I | D12: R | E12: C | F12: C | G12: R
A13: Customer onboarding | B13: A | C13: I | D13: C | E13: I | F13: C | G13: R
A14: Adoption measurement | B14: R/A | C14: I | D14: C | E14: C | F14: C | G14: R

Sheet Adoption Dashboard
A1: MVP Launch & Adoption Dashboard — Illustrative Metrics | B1: MVP Launch & Adoption Dashboard — Illustrative Metrics | C1: MVP Launch & Adoption Dashboard — Illustrative Metrics | D1: MVP Launch & Adoption Dashboard — Illustrative Metrics | E1: MVP Launch & Adoption Dashboard — Illustrative Metrics | F1: MVP Launch & Adoption Dashboard — Illustrative Metrics | G1: MVP Launch & Adoption Dashboard — Illustrative Metrics | H1: MVP Launch & Adoption Dashboard — Illustrative Metrics | I1: MVP Launch & Adoption Dashboard — Illustrative Metrics | J1: MVP Launch & Adoption Dashboard — Illustrative Metrics | K1: MVP Launch & Adoption Dashboard — Illustrative Metrics | L1: MVP Launch & Adoption Dashboard — Illustrative Metrics
A2: MVP Launch & Adoption Dashboard — Illustrative Metrics | B2: MVP Launch & Adoption Dashboard — Illustrative Metrics | C2: MVP Launch & Adoption Dashboard — Illustrative Metrics | D2: MVP Launch & Adoption Dashboard — Illustrative Metrics | E2: MVP Launch & Adoption Dashboard — Illustrative Metrics | F2: MVP Launch & Adoption Dashboard — Illustrative Metrics | G2: MVP Launch & Adoption Dashboard — Illustrative Metrics | H2: MVP Launch & Adoption Dashboard — Illustrative Metrics | I2: MVP Launch & Adoption Dashboard — Illustrative Metrics | J2: MVP Launch & Adoption Dashboard — Illustrative Metrics | K2: MVP Launch & Adoption Dashboard — Illustrative Metrics | L2: MVP Launch & Adoption Dashboard — Illustrative Metrics
A3: 90-day portfolio model following the May 2023 phased launch. | B3: 90-day portfolio model following the May 2023 phased launch. Values are illustrative, not verified GoCardinal results. | C3: 90-day portfolio model following the May 2023 phased launch. Values are illustrative, not verified GoCardinal results. | D3: 90-day portfolio model following the May 2023 phased launch. Values are illustrative, not verified GoCardinal results. | E3: 90-day portfolio model following the May 2023 phased launch. Values are illustrative, not verified GoCardinal results. | F3: 90-day portfolio model following the May 2023 phased launch. Values are illustrative, not verified GoCardinal results. | G3: 90-day portfolio model following the May 2023 phased launch. Values are illustrative, not verified GoCardinal results. | H3: 90-day portfolio model following the May 2023 phased launch. Values are illustrative, not verified GoCardinal results. | I3: 90-day portfolio model following the May 2023 phased launch. Values are illustrative, not verified GoCardinal results. | J3: 90-day portfolio model following the May 2023 phased launch. Values are illustrative, not verified GoCardinal results. | K3: 90-day portfolio model following the May 2023 phased launch. Values are illustrative, not verified GoCardinal results. | L3: 90-day portfolio model following the May 2023 phased launch. Values are illustrative, not verified GoCardinal results.
A5: Activation rate | B5: Activation rate | C5: Activation rate | D5: 90-day adoption | E5: 90-day adoption | F5: 90-day adoption | G5: Self-service share | H5: Self-service share | I5: Self-service share | J5: Turnaround reduction | K5: Turnaround reduction | L5: Turnaround reduction
A6: ='Adoption Data'!H7 -> 0.75 | D6: ='Adoption Data'!I7 -> 0.6 | G6: ='Adoption Data'!J7 -> 0.68 | J6: =1-'Adoption Data'!K7/45 -> 0.82222222
A10: Month | B10: Activated users | C10: MAU | D10: Self-service share
A11: ='Adoption Data'!A5 -> May-23 | B11: ='Adoption Data'!D5 -> 100 | C11: ='Adoption Data'!E5 -> 80 | D11: ='Adoption Data'!J5 -> 0.4
A12: ='Adoption Data'!A6 -> Jun-23 | B12: ='Adoption Data'!D6 -> 180 | C12: ='Adoption Data'!E6 -> 145 | D12: ='Adoption Data'!J6 -> 0.6
A13: ='Adoption Data'!A7 -> Jul-23 | B13: ='Adoption Data'!D7 -> 225 | C13: ='Adoption Data'!E7 -> 180 | D13: ='Adoption Data'!J7 -> 0.68
A16: Operational KPI | B16: Baseline | C16: Month 3 | D16: Change
A17: Average booking turnaround (min) | B17: 45 | C17: 8 | D17: =IF(B17=0,C17,C17/B17-1) -> -0.82222222
A18: Requote/error rate | B18: 0.18 | C18: 0.06 | D18: =IF(B18=0,C18,C18/B18-1) -> -0.66666667
A19: Self-service bookings / month | B19: 0 | C19: 612 | D19: =IF(B19=0,C19,C19/B19-1) -> 612
A20: Estimated staff capacity released (hours) | B20: 0 | C20: ='Adoption Data'!G7*(45-'Adoption Data'!K7)/60 -> 377.4 | D20: =IF(B20=0,C20,C20/B20-1) -> 377.4

Sheet Adoption Data
A1: Illustrative 90-Day Adoption Data | B1: Illustrative 90-Day Adoption Data | C1: Illustrative 90-Day Adoption Data | D1: Illustrative 90-Day Adoption Data | E1: Illustrative 90-Day Adoption Data | F1: Illustrative 90-Day Adoption Data | G1: Illustrative 90-Day Adoption Data | H1: Illustrative 90-Day Adoption Data | I1: Illustrative 90-Day Adoption Data | J1: Illustrative 90-Day Adoption Data | K1: Illustrative 90-Day Adoption Data | L1: Illustrative 90-Day Adoption Data
A2: Illustrative 90-Day Adoption Data | B2: Illustrative 90-Day Adoption Data | C2: Illustrative 90-Day Adoption Data | D2: Illustrative 90-Day Adoption Data | E2: Illustrative 90-Day Adoption Data | F2: Illustrative 90-Day Adoption Data | G2: Illustrative 90-Day Adoption Data | H2: Illustrative 90-Day Adoption Data | I2: Illustrative 90-Day Adoption Data | J2: Illustrative 90-Day Adoption Data | K2: Illustrative 90-Day Adoption Data | L2: Illustrative 90-Day Adoption Data
A3: Synthetic portfolio data; replace with verified analytics before presenting as actual company performance. | B3: Synthetic portfolio data; replace with verified analytics before presenting as actual company performance. | C3: Synthetic portfolio data; replace with verified analytics before presenting as actual company performance. | D3: Synthetic portfolio data; replace with verified analytics before presenting as actual company performance. | E3: Synthetic portfolio data; replace with verified analytics before presenting as actual company performance. | F3: Synthetic portfolio data; replace with verified analytics before presenting as actual company performance. | G3: Synthetic portfolio data; replace with verified analytics before presenting as actual company performance. | H3: Synthetic portfolio data; replace with verified analytics before presenting as actual company performance. | I3: Synthetic portfolio data; replace with verified analytics before presenting as actual company performance. | J3: Synthetic portfolio data; replace with verified analytics before presenting as actual company performance. | K3: Synthetic portfolio data; replace with verified analytics before presenting as actual company performance. | L3: Synthetic portfolio data; replace with verified analytics before presenting as actual company performance.
A4: Month | B4: Eligible users | C4: Invited users | D4: Activated users | E4: Monthly active users | F4: Total bookings | G4: Self-service bookings | H4: Activation rate | I4: Adoption rate | J4: Self-service share | K4: Avg booking time (min) | L4: Requote/error rate
A5: May-23 | B5: 300 | C5: 180 | D5: 100 | E5: 80 | F5: 400 | G5: 160 | H5: =D5/C5 -> 0.55555556 | I5: =E5/B5 -> 0.26666667 | J5: =G5/F5 -> 0.4 | K5: 20 | L5: 0.12
A6: Jun-23 | B6: 300 | C6: 260 | D6: 180 | E6: 145 | F6: 650 | G6: 390 | H6: =D6/C6 -> 0.69230769 | I6: =E6/B6 -> 0.48333333 | J6: =G6/F6 -> 0.6 | K6: 12 | L6: 0.08
A7: Jul-23 | B7: 300 | C7: 300 | D7: 225 | E7: 180 | F7: 900 | G7: 612 | H7: =D7/C7 -> 0.75 | I7: =E7/B7 -> 0.6 | J7: =G7/F7 -> 0.68 | K7: 8 | L7: 0.06
